{"cameraMode":{"drawMode":0,"name":"Shaded","section":"Shading Mode"},"sceneLighting":false,"audioPlay":false,"sceneViewState":{"showFog":true,"showMaterialUpdate":false,"showSkybox":true,"showFlares":true,"showImageEffects":true,"showParticleSystems":true},"in2DMode":false,"pivot":{"x":2.639193058013916,"y":-2.4235880374908449,"z":-0.44092750549316409},"rotation":{"x":-0.04954070597887039,"y":-0.9503223896026611,"z":0.20793873071670533,"w":-0.22647260129451753},"size":6.372797966003418,"orthographic":false}