{"cameraMode":{"drawMode":0,"name":"Shaded","section":"Shading Mode"},"sceneLighting":false,"audioPlay":false,"sceneViewState":{"showFog":true,"showMaterialUpdate":false,"showSkybox":true,"showFlares":true,"showImageEffects":true,"showParticleSystems":true},"in2DMode":false,"pivot":{"x":-1.4030576944351197,"y":0.5780360698699951,"z":5.207563400268555},"rotation":{"x":-0.0001837533782236278,"y":-0.998657763004303,"z":0.003906868863850832,"w":-0.052422091364860538},"size":1.775156021118164,"orthographic":false}